"",core/src/main/java/tachyon/thrift/MasterService.java,main/src/main/java/tachyon/thrift/MasterService.java,alluxio-ui/npm-shrinkwrap.json,common/src/main/java/tachyon/thrift/MasterService.java,src/thrift/tachyon.thrift,common/src/main/java/tachyon/thrift/FileSystemMasterService.java,core/transport/src/main/java/alluxio/proto/journal/File.java,src/main/java/tachyon/thrift/MasterService.java,alluxio-ui/package-lock.json,core/server/src/main/java/alluxio/master/file/options/CreatePathOptions.java,core/common/src/main/java/alluxio/collections/TwoKeyConcurrentMap.java,alluxio-ui/master/npm-shrinkwrap.json,core/common/src/main/java/tachyon/thrift/FileSystemMasterClientService.java,alluxio-ui/worker/package-lock.json,common/src/main/java/tachyon/thrift/FileSystemMasterClientService.java,alluxio-ui/common/package-lock.json,core/common/src/main/java/alluxio/thrift/FileSystemMasterClientService.java,pom.xml,src/main/java/tachyon/WebInterfaceBrowseServlet.java,core/client/src/main/java/alluxio/client/block/DefaultBlockWorkerClient.java,core/server/common/src/main/java/alluxio/proto/journal/File.java,core/server-new/common/src/main/java/alluxio/proto/journal/File.java,core/protobuf/src/main/java/alluxio/proto/journal/File.java,common/src/thrift/block_worker.thrift,dev/scripts/log,core/server/src/main/java/tachyon/proto/journal/File.java,common/src/main/java/tachyon/thrift/BlockWorkerService.java,common/src/main/java/tachyon/thrift/WorkerService.java,core/common/src/main/java/tachyon/thrift/BlockWorkerClientService.java,common/src/main/java/tachyon/thrift/BlockWorkerClientService.java,core/common/src/main/java/alluxio/thrift/BlockWorkerClientService.java,core/server/src/main/java/alluxio/proto/journal/File.java,core/protobuf/src/main/java/alluxio/proto/dataserver/Protocol.java,core/src/main/java/tachyon/thrift/WorkerService.java,main/src/main/java/tachyon/thrift/WorkerService.java,servers/src/main/java/tachyon/proto/journal/File.java,core/transport/src/main/java/alluxio/proto/journal/Journal.java,src/main/java/tachyon/thrift/WorkerService.java,LICENSE,core/server/src/test/java/alluxio/master/file/options/CreatePathOptionsTest.java,common/src/main/java/tachyon/thrift/BlockMasterService.java,common/src/main/java/tachyon/thrift/LineageMasterClientService.java,keyvalue/common/src/main/java/alluxio/thrift/KeyValueMasterClientService.java,src/main/java/tachyon/webapps/bootstrap/css/bootstrap.css,src/main/java/tachyon/web/bootstrap/css/bootstrap.css,common/src/main/java/tachyon/thrift/RawTableMasterClientService.java,core/common/src/main/java/tachyon/thrift/LineageMasterClientService.java,core/common/src/main/java/alluxio/thrift/LineageMasterClientService.java,core/protobuf/src/main/java/alluxio/proto/journal/Journal.java,core/server/src/main/java/tachyon/proto/journal/Journal.java
Bin Fan,83193,0,0,0,0,0,0,0,0,0,0,0,36920,0,69292,0,227545,15414,0,0,0,0,127782,10887,0,22484,10942,0,21598,32404,139704,140082,10378,24078,0,33042,2882,0,998,0,0,17536,6703,0,0,11322,11196,72429,60483,11054
Calvin Jia,39191,0,0,371809,641,0,0,19476,0,0,0,0,0,0,17888,0,163041,17123,8717,0,0,0,0,0,0,0,0,195103,0,0,122008,105330,0,1592,0,0,0,3064,3859,0,0,6319,6703,24632,12316,5470,0,32579,0,0
Jiri Simsa,0,0,0,122250,0,0,0,0,0,3186,0,0,0,0,53655,0,278733,11853,0,0,25348,12674,0,0,0,0,0,137182,0,0,192270,218046,0,0,0,0,0,0,152,1658,0,18948,6703,0,0,16401,0,81166,0,0
Yupeng Fu,0,0,0,133471,0,132613,0,0,0,1854,0,0,0,0,0,0,0,7674,0,0,0,0,0,0,11328,0,0,94524,0,0,0,0,0,0,0,9778,0,0,40,0,37590,0,0,0,0,0,0,0,0,0
Andrew Audibert,0,0,0,0,0,202449,197,0,0,1220,104,0,0,0,0,0,267334,9219,0,12899,0,0,51764,0,0,0,0,53576,0,0,147190,99107,118702,0,0,17982,0,0,26,0,35987,0,6703,0,0,0,0,53655,29013,0
Gene Pang,0,0,0,106421,0,153814,0,0,0,0,0,0,0,0,92990,0,54232,4947,0,0,0,0,55419,94,0,0,0,78380,0,10809,30171,39572,84598,0,0,0,0,0,293,0,45108,32188,6703,0,0,22174,0,9050,11618,0
Haoyuan Li,269406,42277,0,0,856,0,0,196791,0,19,0,0,35006,0,0,0,0,8210,0,0,0,0,0,0,0,21492,0,0,21492,0,0,0,0,69276,10112,0,0,37356,6272,0,0,0,0,0,0,0,11142,0,736,10638
cc,338472,0,0,0,0,883815,0,0,0,1627,0,0,0,0,76593,0,7021,2073,0,0,0,0,0,94,0,0,0,0,0,11264,1316,6264,151,106542,0,16171,0,0,0,0,250615,5765,2254,0,0,12,0,178,0,0
Chaomin Yu,0,0,0,0,0,0,0,0,0,0,0,0,0,0,36967,0,37401,2274,0,0,0,0,26239,188,0,0,0,0,0,21669,33670,37817,17704,0,0,22484,0,0,24,0,0,11223,6703,0,0,0,0,10157,12617,0
Leo Wang,0,0,0,66191,0,0,0,0,0,0,0,0,140024,0,12525,0,0,515,0,0,0,0,0,0,0,85968,0,413,85968,2,0,0,0,0,0,507,0,0,0,0,0,2,0,0,0,2,44568,0,0,42552
madanadit,0,0,0,0,0,0,0,0,0,407,0,0,0,0,0,0,51117,4374,0,0,0,0,0,0,0,0,0,0,0,0,33867,17358,0,0,0,0,0,0,24,0,0,0,52554,0,0,0,0,9677,0,0
BrickXu,0,0,0,0,0,0,0,0,0,0,0,0,122521,0,2,0,0,689,0,0,0,0,0,0,0,75222,0,105,75222,0,0,0,0,0,0,0,0,0,102,0,0,2,0,0,0,2,38997,0,0,37233
Pei Sun,0,0,0,0,0,0,0,0,0,0,0,0,0,0,0,0,22102,1525,0,0,0,0,0,0,0,0,0,0,0,0,57997,28782,0,0,0,0,0,0,12,0,0,0,23830,0,0,0,0,5156,0,0
Saverio Veltri,0,0,0,0,0,3177,0,0,0,0,0,0,105018,0,6,0,0,377,0,0,0,0,0,0,0,65890,0,125,64476,0,0,0,0,0,0,0,0,0,14,0,290,6,0,0,0,6,33426,0,0,32352
maobaolong,0,0,0,0,0,0,0,0,0,1695,0,0,0,0,0,0,20706,4599,0,0,0,0,0,0,0,0,0,0,0,0,9721,101631,0,0,0,0,0,0,4,0,0,0,12672,0,0,0,0,3945,0,0
Dong Chen,0,0,0,76875,0,0,0,0,0,0,0,0,20667,0,62474,0,0,436,0,0,0,0,0,188,0,11242,0,4902,10750,22261,0,0,0,0,0,31818,0,0,0,0,0,7773,0,0,0,11258,5575,0,0,5527
Yanqin Jin,0,0,0,0,0,0,0,0,0,0,0,0,0,0,0,0,15992,3423,0,0,0,0,15459,0,0,0,0,0,0,0,0,0,14550,0,0,0,0,0,0,0,0,0,0,0,0,0,0,0,10112,0
Abhiraj Butala,136,0,0,150432,0,0,0,0,0,0,0,0,0,0,0,0,0,71,0,0,0,0,0,0,0,0,0,47352,0,0,0,0,0,0,0,0,0,0,0,0,0,0,0,0,0,0,0,0,0,0
mbl,0,0,0,0,0,0,0,0,0,407,0,0,0,0,0,0,20576,3455,0,0,0,0,160,0,0,0,0,0,0,0,16069,28182,0,0,0,0,0,0,16,0,0,0,18813,0,0,0,0,4078,0,0
luoli,0,0,0,0,0,0,0,0,0,116,0,0,35882,0,69871,0,0,316,0,0,0,0,0,0,0,21988,0,45086,21492,0,0,0,0,0,0,19080,0,0,16,0,0,11699,0,0,0,5633,11142,0,0,10846
